"Status","Start Time","Stop Time","Duration in ms","Parent Suite","Suite","Sub Suite","Test Class","Test Method","Name","Description"
"passed","Mon Aug 19 10:30:45 CST 2019","Mon Aug 19 10:30:45 CST 2019","1","","test_1","","","","test_7",""
"passed","Mon Aug 19 10:30:45 CST 2019","Mon Aug 19 10:30:45 CST 2019","0","","test_1","","","","test_1",""
"passed","Mon Aug 19 10:30:45 CST 2019","Mon Aug 19 10:30:45 CST 2019","0","","test_1","","","","test_10",""
"passed","Mon Aug 19 10:30:45 CST 2019","Mon Aug 19 10:30:45 CST 2019","1","","test_1","","","","test_9",""
"passed","Mon Aug 19 10:30:45 CST 2019","Mon Aug 19 10:30:45 CST 2019","0","","test_1","","","","test_8",""
"passed","Mon Aug 19 10:30:45 CST 2019","Mon Aug 19 10:30:45 CST 2019","0","","test_1","","","","test_6",""
"failed","Mon Aug 19 10:30:45 CST 2019","Mon Aug 19 10:30:45 CST 2019","1","","test_1","","","","test_4","
    #这是对函数的参数、返回值的一个注释
    自我感觉倍爽
    "
"failed","Mon Aug 19 10:30:45 CST 2019","Mon Aug 19 10:30:45 CST 2019","1","","test_1","","","","test_3",""
"passed","Mon Aug 19 10:30:45 CST 2019","Mon Aug 19 10:30:45 CST 2019","0","","test_1","","","","test_2",""
"passed","Mon Aug 19 10:30:45 CST 2019","Mon Aug 19 10:30:45 CST 2019","0","","test_1","","","","test_5",""
"passed","Mon Aug 19 10:30:45 CST 2019","Mon Aug 19 10:30:45 CST 2019","1","","test_1","","","","test_case",""
